"(2.2464215237790786,6.114404172299634)","(2.282155903319117,6.114379677066566)","(2.3379222281293295,6.114341459948894)","(2.4112383514816065,6.114291176725976)","(2.4999292277709038,6.114230122716076)","(2.602088510256328,6.114159107852921)","(2.7160447185489027,6.114078263564377)","(2.840331385785642,6.113986780219528)","(2.973660706385264,6.113882590671142)","(3.1149003215419238,6.11376203865134)","(3.2630529869979052,6.113619595514375)","(3.4172389459239896,6.113447707078183)","(3.5766808634205236,6.1132368552086795)","(3.740691166775812,6.112975900522486)","(3.908661589208766,6.112652733444809)","(4.080054652388715,6.11225520729646)","(4.254396762237869,6.111772269663924)","(4.4312725484179785,6.111195159277381)","(4.610320062450454,6.110518506686031)","(4.791226470393331,6.109741176850877)","(4.973723932751557,6.108866721686043)","(5.15758542966203,6.107903349830517)","(5.342620311439887,6.106863331536834)","(5.5286694626652535,6.105761846612273)","(5.71560022630272,6.104615512392992)","(5.903300062386891,6.103439854312768)","(6.091658078193958,6.102237766952019)","(6.280450346436741,6.100933522788759)","(6.4685665897146745,6.099096258219009)","(6.648209744334966,6.095625895682336)","(6.70310281181133,6.079540894445542)","(6.661845660800507,6.0463042250986)","(6.655275392502214,6.008822735008784)","(6.68176413889965,5.987571608142017)","(6.691317237234664,5.972762200657902)","(6.672681929661089,5.9273007976507275)","(6.677162032157961,5.8644877288427955)","(6.721965428934118,5.818571530368235)","(6.783028672767411,5.797328167260884)","(6.813571331173425,5.799650002851062)","(6.747615296812422,5.830742644437622)","(6.678988165227275,5.903472328846681)","(6.650635563579964,5.996768070047271)","(6.673180689164103,6.0916041195365525)","(6.736435657089539,6.173706866455465)","(6.818596845024821,6.24160652142969)","(6.890158716698405,6.31604455071328)","(6.956897055117509,6.411329156778314)","(7.03960080640013,6.498608020351871)","(7.133342373928517,6.559909832958005)","(7.229451398023159,6.596779570526744)","(7.324182573058656,6.616409551067239)","(7.416701551323047,6.624499441875447)","(7.506232310883942,6.621392465595189)","(7.589653174508461,6.599178917409996)","(7.67248522787456,6.550842089922655)","(7.770495175210423,6.490024418854992)","(7.886806121996078,6.439150621376285)","(8.017246515265263,6.408569684461524)","(8.158976147817961,6.390351946581988)","(8.308364003661065,6.376416698687216)","(8.463696931115363,6.364611975308623)","(8.624170653949879,6.354179590660052)","(8.789155893939915,6.344659380275695)","(8.958105634645117,6.335746663547593)","(9.130539655977204,6.327236955970442)","(9.306035578511766,6.318991958826777)","(9.48422168691131,6.310917623557717)","(9.66477081300719,6.302949739226384)","(9.847394990288922,6.295044303359441)","(10.031840725878304,6.287170976554272)","(10.217884788643435,6.279308539838814)","(10.405330432054917,6.271441647558916)","(10.594003975604686,6.263558395863877)","(10.783751665432723,6.255648363527392)","(10.974436724765035,6.247700860251372)","(11.165936487254195,6.239703157241249)","(11.358139479893703,6.2316384889976)","(11.55094228589434,6.223483616539925)","(11.744245973390406,6.215205749160119)","(11.937951829754915,6.206758668655182)","(12.131956117319577,6.198078052840895)","(12.326143644746598,6.189076373280435)","(12.520380169581438,6.179638531420282)","(12.714503982168365,6.169620829432017)","(12.90831829261644,6.158858095541285)","(13.10161115559703,6.147187475322054)","(13.294120997364077,6.134493147130149)","(13.48553641095956,6.120788093276427)","(13.67552729216918,6.106346960837699)","(13.86548632419224,6.094910106361971)"
"(4.340401793274509,7.945212266129514)","(4.375290564161699,7.946758417496016)","(4.429392692846293,7.949353181402926)","(4.500098853524286,7.952665492505432)","(4.585328442529335,7.95619090321983)","(4.683398950604491,7.959549206845447)","(4.7928573368198135,7.962584508302904)","(4.912389791263279,7.965307983177707)","(5.040801341911172,7.9678049594689)","(5.177020195055059,7.97016836996672)","(5.320099251187362,7.9724679393206195)","(5.46920959918799,7.974742729148369)","(5.62362912847416,7.977004509892197)","(5.78272952017608,7.979244859406481)","(5.945963520181211,7.981442681008817)","(6.112853404483567,7.983570704438637)","(6.28298096466386,7.985600439337561)","(6.455978824829885,7.98750539521544)","(6.631501396289183,7.989245861843562)","(6.808360966859329,7.989849860082045)","(6.981876376865527,7.980507989489087)","(7.153903873123882,7.951697467193491)","(7.33043009479756,7.920428603800258)","(7.506897317415725,7.897900918463572)","(7.6719698812856425,7.88182866530825)","(7.800101914774793,7.868496890057545)","(7.873876556443066,7.876513923858738)","(7.91798973814067,7.897897227976289)","(7.9605837945616855,7.9142202041310785)","(8.007542762378648,7.924189306690467)","(8.057628060603257,7.938785010982312)","(8.12444202148471,7.989346451399603)","(8.202563281511274,8.048179979216401)","(8.223624766100638,8.078753610778662)","(8.222304321954557,8.099902123457642)","(8.326763668396335,8.09637543068754)","(8.424588906421693,8.070176188131592)","(8.496329175376264,8.022620033167605)","(8.572963720938711,7.9742441530966826)","(8.658673134923967,7.941543327289583)","(8.72522302549764,7.9253953649587805)","(8.769282191082233,7.9329751639096076)","(8.871346447147369,7.957466550505094)","(8.959174025530192,7.971961109999314)","(9.045499411498264,7.977106551612787)","(9.143387414015233,7.977466349372742)","(9.25646585038302,7.974354931519469)","(9.381983316717823,7.966477627656388)","(9.517004755504107,7.951315048167508)","(9.663457621819054,7.931615050001617)","(9.821779452714887,7.914410356470586)","(9.989002892734351,7.9024195514046705)","(10.162338121234942,7.895020853891173)","(10.340001075547399,7.890975160761909)","(10.520918342078081,7.889232552987103)","(10.704401385100567,7.889057285690811)","(10.889968748124687,7.889958886835799)","(11.077263598986423,7.891609703499021)","(11.266010766257347,7.893787993149625)","(11.455991592773321,7.896341728944401)","(11.647028284542866,7.8991654638670665)","(11.838973716292188,7.902185280502444)","(12.031704501682178,7.9053488272791705)","(12.225116092041153,7.908618617285526)","(12.419119190256438,7.911967460634146)","(12.613637065142504,7.915375317035414)","(12.808603492133509,7.918827124926678)","(13.003961159097333,7.922311311627129)","(13.199660449050485,7.925818780482823)","(13.395658470302308,7.929342256679251)","(13.591918262679476,7.932875880255138)","(13.788408120244412,7.936414946671818)","(13.985101003859672,7.939955676563794)"
"(3.159922122331717,6.654231064291423)","(3.195432199636306,6.654236578859978)","(3.250710194345232,6.654230829500219)","(3.3230307130062053,6.654185580827544)","(3.4098131278316512,6.65405287097675)","(3.508579678998054,6.653762300767669)","(3.6169890182189026,6.6532300752317495)","(3.7329773658662475,6.652386458042985)","(3.8549674123062716,6.651214825835268)","(3.9820136558884864,6.6497769747136)","(4.11375912633786,6.648200968158698)","(4.250218856051718,6.646638012383765)","(4.391527619360267,6.645219036580815)","(4.537769012318697,6.64403310818845)","(4.688908736540882,6.643127460651986)","(4.844796362823962,6.642517989872074)","(5.005194793101161,6.642200874847492)","(5.16981298634691,6.642161245539998)","(5.338332308472029,6.642378383399153)","(5.510424624984587,6.642828326936562)","(5.6857604277302025,6.643484572964481)","(5.863997515725549,6.644315322429817)","(6.044760583702389,6.645279327079134)","(6.227654800580435,6.646342956060093)","(6.412137583994039,6.647508013584329)","(6.596337778670755,6.648633813631649)","(6.7710029100734594,6.6483665828878316)","(6.9048511184212735,6.649394916698492)","(6.978319491256886,6.664050369838765)","(7.021591241577978,6.682727454080076)","(7.056144544276027,6.700438439367976)","(7.082783658944845,6.708649359365891)","(7.0962531361050205,6.713940720944131)","(7.106684946495936,6.72348882770436)","(7.125376583672868,6.741548019824621)","(7.1510491304360455,6.775389367656744)","(7.176484845759426,6.834658747772045)","(7.207536335953833,6.912231682815361)","(7.256727179475472,6.989035697827454)","(7.3254034059112225,7.053334736468984)","(7.407875712852634,7.102637085136262)","(7.489921696569294,7.137969344335243)","(7.512866440493056,7.159439080005129)","(7.457152044467971,7.189073004712801)","(7.409886955676934,7.241169449508679)","(7.40179804434125,7.307569158289369)","(7.428740709162007,7.364764356094087)","(7.459171641880959,7.406556555016668)","(7.475502988879083,7.444787317595204)","(7.489101094710436,7.490295790459178)","(7.515809947517419,7.540257496109645)","(7.559147853561263,7.58929222354048)","(7.616692344165867,7.639215739943384)","(7.690341630935173,7.691255646942721)","(7.7838346049769696,7.7400018519516)","(7.8969348080446995,7.778848036748991)","(8.026259503374172,7.804279312289227)","(8.167224692162396,7.81501804734517)","(8.315840653367939,7.812791713820403)","(8.47000438685209,7.8008890231256505)","(8.628745614913631,7.781996865888203)","(8.791531113749784,7.757962780200377)","(8.957981951447554,7.730262743289041)","(9.127687829435768,7.6999840799817365)","(9.300269476385095,7.667796555119485)","(9.475400073512507,7.63414515207473)","(9.652788257033091,7.599352268799995)","(9.83217248760256,7.563658091770471)","(10.013318756714675,7.527244380061702)","(10.19601848128802,7.490250708401651)","(10.380086367371009,7.45278588665159)","(10.565358306669486,7.414936145122889)","(10.751689375603178,7.3767711380002945)","(10.938951994755243,7.3383484853086385)","(11.127034298355126,7.299717365574092)","(11.315838763063175,7.260921542765201)","(11.505281154397565,7.222002135163276)","(11.695289868487531,7.183000391675937)","(11.885805776654815,7.143960715535641)","(12.076782718404553,7.104934143255005)","(12.268188827030214,7.065982407699832)","(12.460008893549645,7.027182511272276)","(12.652247942829549,6.988631257394075)","(12.844935859209775,6.950448237920057)","(13.038132570142674,6.912773986439232)","(13.231932212614492,6.875756701168124)","(13.426522998021273,6.839469644260974)","(13.622108046536361,6.803899237895383)","(13.818835597373067,6.768799205015966)"
"(4.267843416825587,6.201140826895184)","(4.322406173837392,6.18057297263348)","(4.404513730126152,6.157037612710661)","(4.507056280753314,6.137014655825485)","(4.624562311972705,6.122672726344222)","(4.753283095117524,6.113869302818566)","(4.890672718972828,6.109702375343553)","(5.034964422419132,6.109160397250267)","(5.184924023130471,6.111312237519404)","(5.339695485844641,6.115345109151164)","(5.498683437685398,6.120572362348144)","(5.661458981389987,6.126438828085609)","(5.82769045084885,6.132520570261619)","(5.997099000442113,6.138514735181007)","(6.169433924763564,6.14422109501095)","(6.344454677619267,6.14952194503226)","(6.521644483570049,6.154478771706578)","(6.697940663932342,6.160461268476962)","(6.8496091658126925,6.174411090013086)","(6.855662604100335,6.23549657829344)","(6.8763867404013475,6.297032052212465)","(6.939045137898941,6.3170194495339205)","(7.023192017838097,6.302171067836556)","(7.111621934565344,6.285177953539128)","(7.192279048788398,6.281767944664911)","(7.255546663334627,6.297220574343067)","(7.255542064400097,6.287297679824444)","(7.218720051921258,6.22930014711082)","(7.229165992997863,6.17036157604795)","(7.184202640162109,6.140702742658923)","(7.233349258645784,6.12267212261582)","(7.305554133406218,6.115854851781233)","(7.285490393507695,6.116580503811393)","(7.215216883098875,6.1146771846968635)","(7.155912230742095,6.13941674704913)","(7.185764999854693,6.187942121144102)","(7.247412512227269,6.219684248416299)","(7.300590183959407,6.237329865430797)","(7.331549906187258,6.25040600980592)","(7.326024366838906,6.27723827862818)","(7.301614710459603,6.347053553927969)","(7.299740288514565,6.434663821070594)","(7.3331518376426015,6.510827885180182)","(7.384575774828208,6.557707893835918)","(7.431958861061277,6.574948943224413)","(7.471738825565447,6.578859581925428)","(7.5163309055305145,6.5802795557793115)","(7.576844316568811,6.580855860281979)","(7.658211400411446,6.579663049459122)","(7.757550563136703,6.574048860068143)","(7.862478523283574,6.558155257420199)","(7.965118985090474,6.526312756163298)","(8.0747149735545,6.483849150072415)","(8.197056320095623,6.445072124741728)","(8.326334060813757,6.4295430353164225)","(8.465772501018671,6.439354882373086)","(8.61691020444905,6.450924895786363)","(8.775168059757693,6.456918308620007)","(8.938610242807128,6.458418761358804)","(9.106375673255702,6.456774833839908)","(9.277863845213835,6.452911681432721)","(9.452585410644723,6.447458464357938)","(9.630122406940426,6.440850086256058)","(9.810111603618349,6.43339147292055)","(9.992234616957203,6.425299020334948)","(10.176211043030136,6.4167279170232145)","(10.36179327507178,6.407790497066691)","(10.548762411414405,6.398568775809148)","(10.736924964631156,6.389123148749003)","(10.926110209562628,6.379498526189243)","(11.116168055729199,6.369728734996543)","(11.30696734225301,6.359839736031215)","(11.498394452687736,6.349852020284467)","(11.69035214520371,6.33978242331362)","(11.882758497418743,6.329645515758472)","(12.075545878193397,6.319454675572628)","(12.268659880842348,6.3092229178513595)","(12.46205829598352,6.298963598616573)","(12.65571125145807,6.288691564849078)","(12.849600752653012,6.278423971941151)","(13.043718217461887,6.268180285127518)","(13.238087951292227,6.25799561917697)","(13.432921844797445,6.2479910837397865)","(13.628223930892686,6.238172994982601)","(13.823950053267971,6.228534951127367)"
"(4.114205777262564,6.773440116932934)","(4.12020445873203,6.773288530542343)","(4.1336697995340685,6.775452157094796)","(4.163295526853715,6.778812435801837)","(4.211360924333903,6.782368572683491)","(4.277932388666972,6.785653292541422)","(4.362357755573963,6.788629122092837)","(4.463684758885951,6.791418154458434)","(4.580660290196348,6.794140255197076)","(4.711653248479491,6.796837972684159)","(4.854708367401545,6.799468605284523)","(5.007750360964415,6.801941120784072)","(5.168815971034578,6.804162365769355)","(5.336203091432424,6.806065977882069)","(5.508516524171421,6.807619728806859)","(5.684647103569559,6.8088201133386095)","(5.863725296715702,6.809683465136888)","(6.045071817564051,6.810240217086505)","(6.2281410944847835,6.810546545045842)","(6.412186395258665,6.811028055248777)","(6.593535468690668,6.816435981289988)","(6.763770801720016,6.843618814374145)","(6.92580656017689,6.898017902940722)","(7.083104260018609,6.956264858797026)","(7.181474438150393,6.99286372296991)","(7.210235424071063,7.00363310182393)","(7.239237007433414,7.013439896379442)","(7.294208963894668,7.038144827244146)","(7.364916214856315,7.077334669000907)","(7.4076673275590394,7.105615122991093)","(7.444100732127345,7.125384213005519)","(7.503789031569635,7.154657509574072)","(7.581741198066775,7.188602932594242)","(7.6594317902967655,7.220339634476803)","(7.720347136587601,7.259359587466769)","(7.770149273509235,7.318075016119984)","(7.830208913324403,7.389647937505581)","(7.907446673541175,7.463119770824493)","(7.997196631602073,7.5461950391576185)","(8.10312588763206,7.64279066408057)","(8.230037403905841,7.719072042375199)","(8.320640022318711,7.736267202885805)","(8.339324387796438,7.708568645436875)","(8.383720034048288,7.689037022196801)","(8.460611199723814,7.686742396896672)","(8.560753442802941,7.684826924104263)","(8.668374156390664,7.671748835312474)","(8.77887203228352,7.648845146138602)","(8.893848016090686,7.619865960588345)","(9.01522791422328,7.587798352333445)","(9.143826554830477,7.554895434169113)","(9.279696459473442,7.522569519201652)","(9.422516830032935,7.491391794072308)","(9.571798529158665,7.4614131863897155)","(9.726969267309382,7.432516488860827)","(9.887465776212972,7.404573941110116)","(10.05282953469243,7.377481619935386)","(10.222737029644748,7.351196048953577)","(10.396988543963145,7.325758462104773)","(10.57549511923931,7.301269141737758)","(10.75824591671984,7.277824175694383)","(10.945235248381524,7.255437141534783)","(11.136364687680688,7.233971593388678)","(11.331364111682358,7.213117072793852)","(11.529773348056825,7.192427222476051)","(11.73099135962853,7.17140352888034)","(11.934361881092768,7.149583533009562)","(12.139254528064475,7.126599135258641)","(12.34511736247881,7.102195577407943)","(12.55149832892722,7.076220895607689)","(12.758044402783332,7.048600673982564)","(12.964488803921045,7.019309066119482)","(13.17063366129075,6.988341120397198)","(13.376333698216708,6.95568835740016)","(13.581476068437423,6.921305752151583)","(13.785956654973813,6.885059340812464)","(13.98964577713914,6.846603238689906)"
"(4.505126992806288,7.1828142313081775)","(4.595206014075262,7.210895701359426)","(4.712509698407216,7.23437933657305)","(4.843255800466693,7.24923911992472)","(4.9791000705918025,7.256932535211416)","(5.112627654270264,7.2594049792337305)","(5.238870694731295,7.25811807189556)","(5.359086658172494,7.25445769618528)","(5.478799478706819,7.2497359589054975)","(5.602783345538249,7.244784591680252)","(5.733422038109236,7.239944182734584)","(5.871420830445053,7.235299857719293)","(6.016655837885677,7.230853251338588)","(6.168658648301061,7.226596219483714)","(6.3268457179245035,7.222532126516711)","(6.4906192789301445,7.218676717422732)","(6.659407735325913,7.215053055795102)","(6.832679480419701,7.211684725268207)","(7.00993722279031,7.2085946568562)","(7.190635595611786,7.205874510262052)","(7.37417188745744,7.203693684828879)","(7.557488070205033,7.201200657488165)","(7.614459727420711,7.180710259296346)","(7.592332305043425,7.116593264390743)","(7.6617976608519935,7.1386203687442125)","(7.806921472118918,7.228690378884454)","(7.8727889959428206,7.241989324417703)","(7.858471851408403,7.222366933651566)","(7.836321488360572,7.256674146544531)","(7.88724217941987,7.351432995983282)","(7.9847897706754996,7.450511725542791)","(8.080463749256351,7.479488315695063)","(8.17192726149507,7.473306422339432)","(8.278207117410892,7.477672292876707)","(8.408266306922442,7.481370742882608)","(8.557241022385766,7.47743060605366)","(8.717955292282829,7.464828662448472)","(8.885404223643182,7.444248565048944)","(9.052610100836823,7.410871915247285)","(9.21886965848412,7.358200636407107)","(9.39193076457922,7.300020845185118)","(9.571663746107426,7.250924848918346)","(9.755154425313544,7.213405340982147)","(9.940779307956392,7.18571567828724)","(10.127764831389744,7.1656570172697265)","(10.315737349413087,7.151361149900462)","(10.50450887874467,7.141379326678524)","(10.693977352186234,7.134624406370539)","(10.884079960732965,7.13028992613575)","(11.074771446454507,7.127778786933679)","(11.26601407845993,7.126648170342168)","(11.457773156910953,7.126568788122305)","(11.650015190217394,7.127295037467659)","(11.842707343553728,7.1286431673818385)","(12.035817449518346,7.130475291282498)","(12.229314227649578,7.132687664280181)","(12.423167544367136,7.135202077725035)","(12.617348639758353,7.137959542150195)","(12.811830294994039,7.140915663980131)","(13.006586936629501,7.144037297494506)","(13.201669356427322,7.147311415479031)","(13.39710743624868,7.150726547687539)","(13.59285703861188,7.1542657985010925)","(13.788879392851568,7.1579203564151745)","(13.985140327846164,7.161692901766544)"
"(11.195086882674966,6.13145193722568)","(11.150431155759144,6.139739629314782)","(11.082056578059985,6.150562213154636)","(10.994101581625856,6.161874206113204)","(10.890002335511202,6.172422179597394)","(10.77251921179594,6.181613912145105)","(10.643861487401598,6.1892658685613275)","(10.505813594194137,6.195407227507691)","(10.359833936584835,6.200162646762203)","(10.207126342438,6.203690893769567)","(10.048691243436675,6.2061557498881195)","(9.885363262592577,6.20771362603972)","(9.717839965555877,6.20850906825351)","(9.546704812079051,6.20867357354128)","(9.372446118873375,6.20832554913473)","(9.195473058032219,6.207570537848166)","(9.01612928636288,6.206501444130903)","(8.834706570831813,6.205197433476629)","(8.651564498359946,6.203632597981424)","(8.467979729495163,6.200377732072118)","(8.288033576206631,6.191492215816641)","(8.211385690426573,6.171792432761058)","(8.232179682235273,6.103328566342796)","(8.19935383228381,6.039251048670256)","(8.128579548898012,6.010517873148645)","(8.034801546311058,6.015738117352794)","(7.915956791955,6.040769944585463)","(7.792835297465365,6.0444341015281315)","(7.68984474515722,6.015772151323666)","(7.685116737465625,5.960405521860632)","(7.68588749913607,5.88383266506548)","(7.723566891473873,5.826865980813146)","(7.680742078924798,5.798575562859988)","(7.616339686440782,5.794213635382079)","(7.5821735194862665,5.772368179520015)","(7.543292090810134,5.745083780518427)","(7.489986856432296,5.709153561237519)","(7.4154807722567355,5.660662811538062)","(7.317196953236088,5.607892536924181)","(7.227478675630374,5.557049179762336)","(7.201455097492898,5.52057352176936)","(7.153562871084195,5.511118785280642)","(7.070605252196541,5.512676694811927)","(6.948793533637275,5.5025977139799425)","(6.799356327950066,5.484767152142405)","(6.633836848468565,5.471183075893652)","(6.459400159490244,5.468509867247853)","(6.2802185048261805,5.476301314599116)","(6.098029750517889,5.491619765554904)","(5.913511502335397,5.511830661722421)","(5.727018496033386,5.535080507744901)","(5.538800270770888,5.560147781533302)","(5.3490611572694595,5.586250492191819)","(5.157976760076184,5.612899466081632)","(4.965698411399563,5.639797094463068)","(4.772354731695333,5.666769612694723)","(4.578052794601148,5.69372220591349)","(4.38287943700697,5.720609179850442)","(4.186902733335525,5.747413931354264)","(3.9901735577109956,5.774135239877381)","(3.792727173714043,5.800777614025768)","(3.5945848228791886,5.8273442374572815)","(3.3957553036356467,5.8538315968563435)","(3.1962365377039244,5.880225227485893)","(2.9960171138105633,5.906496230784811)","(2.7950777843533627,5.932598332954552)","(2.593392875813703,5.9584652794845345)","(2.390931564767791,5.984008306289018)","(2.1876589736270136,6.009113293763069)","(1.983537054660304,6.033636978063132)","(1.7785252289995308,6.057401196813848)","(1.572580982346633,6.08018350339149)","(1.3656603423045601,6.101700910722899)","(1.157718588718085,6.1215802279357705)","(0.9487119368197753,6.139299204648256)","(0.7386028176041104,6.15405250354489)","(0.5273836279349787,6.164363194858762)"
"(11.408849255062302,5.51383765111914)","(11.376030642944407,5.506732294268566)","(11.324570373229909,5.497468127401451)","(11.256413945613955,5.48774167643938)","(11.17330015877994,5.478552960027058)","(11.076810195822649,5.47034801818203)","(10.968387179767927,5.463245775464289)","(10.849344797333858,5.4572036293375055)","(10.720873274515474,5.452112475342335)","(10.584045765145877,5.44784494615123)","(10.439825804516678,5.444277651009644)","(10.289075574269505,5.441300123404343)","(10.132564516206546,5.4388173443077745)","(9.970977886076625,5.436749351626119)","(9.80492495893106,5.435029673369554)","(9.63494671267854,5.433603418801073)","(9.46152290538887,5.4324254096112705)","(9.285078523948405,5.4314585083894915)","(9.10598965240582,5.430672137329306)","(8.924589865819193,5.430039214966135)","(8.741183136099554,5.429522812297427)","(8.556086819883513,5.42900674051142)","(8.370005481705965,5.427202950998518)","(8.186957733944567,5.420034201798793)","(8.147849120272381,5.431847752391157)","(8.182580731507182,5.487620439358157)","(8.154870063198407,5.490931961557093)","(8.04558751592199,5.4367554077080875)","(7.889655490011057,5.368324130857802)","(7.727688011766455,5.314817895409019)","(7.645328738326365,5.3091003074908985)","(7.601254701897405,5.3199763704204575)","(7.511203567883458,5.285731396289734)","(7.375255462272404,5.2239085382825134)","(7.214447261451794,5.165588204875815)","(7.041070558934069,5.121082510591549)","(6.861328844454658,5.090288583714089)","(6.678099775209579,5.069349612957441)","(6.4919789310576155,5.054850688743762)","(6.303267387981079,5.046660547708831)","(6.112953434796616,5.044605367744658)","(5.921648596600362,5.04748218715048)","(5.729627505957992,5.054102752756757)","(5.537019361664952,5.06351384079421)","(5.343900616717191,5.074996630052408)","(5.150328458053223,5.088020117004003)","(4.9563508542649775,5.1021929169083435)","(4.762010081374824,5.1172259437615395)","(4.56734423216136,5.132905095853751)","(4.372387912625334,5.149071364339307)","(4.177172594203686,5.165606321219986)","(3.9817268321738704,5.182421505924358)","(3.7860764423315483,5.1994506438685875)","(3.590244672294574,5.216643927517061)","(3.3942523783235163,5.23396380338815)","(3.1981182077708454,5.251381861355656)","(3.001858783461286,5.2688765327143905)","(2.805488885634498,5.286431383023448)","(2.609021627678841,5.304033843375321)","(2.412468622870256,5.32167426562579)","(2.2158401403160473,5.339345217661258)","(2.019145249142786,5.3570409571433055)","(1.822391950628021,5.374757038658321)","(1.6255867928128434,5.392490201337304)","(1.4287337857022753,5.410238517845678)","(1.2318385338228817,5.427999798345145)","(1.0349062597385619,5.44577230793879)","(0.8379415662159024,5.463554834931627)","(0.6409485237956393,5.481346745627507)"
"(10.46123805315794,6.825509845229235)","(10.425220703480571,6.825568520912123)","(10.368990909736135,6.825671222027169)","(10.295021209256435,6.825828258741856)","(10.205466370431115,6.82605369409387)","(10.102203994315815,6.826363696493594)","(9.98687091350477,6.826774544284712)","(9.860895884908272,6.82730039856407)","(9.725528809089502,6.827951088637183)","(9.581866539726432,6.828730215784187)","(9.430875280289317,6.8296338705193)","(9.273409597673332,6.830650177347855)","(9.11022819159231,6.831759745077045)","(8.942006703310977,6.832936942932604)","(8.769347994214751,6.83415177973567)","(8.59279120602825,6.835371892313815)","(8.412868787198974,6.836556862893396)","(8.232725158378324,6.837596035170535)","(8.190021712594342,6.85253673316554)","(8.29713248002635,6.898498102189722)","(8.384969267801399,6.886090385391863)","(8.43480796431174,6.831444918851058)","(8.426251482825297,6.776648150756271)","(8.35143595781135,6.757820929801103)","(8.215773275678725,6.775921835177355)","(8.152417884988512,6.7978437628184665)","(8.19823444015293,6.834500902044671)","(8.237721632057912,6.8774264567242405)","(8.246426538372644,6.908211254640628)","(8.218037737643561,6.921485231766652)","(8.203576128104606,6.937451461870204)","(8.188033725090284,6.936867289008972)","(8.161936925458932,6.921824446636153)","(8.123562892971027,6.898914202854976)","(8.098574883820142,6.887299546869711)","(8.10921749438714,6.88687843677956)","(8.135397025773397,6.9079653131708385)","(8.134168232309985,6.9693183351929315)","(8.122483196082221,7.043344371533832)","(8.106508566049582,7.104326172541212)","(8.069226077391404,7.147512047756535)","(8.016391127516512,7.184448006726406)","(8.001896124031173,7.214365888729846)","(8.04266749981453,7.246693540805598)","(8.045321521317781,7.265385128920734)","(8.01237081240207,7.26265028939574)","(7.975558003280718,7.258136247887786)","(7.95962992206824,7.252579518917307)","(7.9605605317519395,7.239247078545919)","(7.9603756417104155,7.206355521519946)","(7.945449763366039,7.171601443873168)","(7.918382695163753,7.151543585601678)","(7.886825546499851,7.136861008748786)","(7.849341345866358,7.119745704656323)","(7.80799321286396,7.111611414210816)","(7.76232219556493,7.122512417876371)","(7.698000537548843,7.141811952953853)","(7.6118046464789755,7.157315674241242)","(7.509064612482465,7.166026686522482)","(7.393859048210144,7.16927163232161)","(7.268327144535945,7.168817768323196)","(7.133855895446533,7.165916597675764)","(6.9915650912461995,7.161348150171929)","(6.842421142980974,7.15560293607316)","(6.687269050629596,7.149001263518977)","(6.526849774794383,7.141760443747521)","(6.361813556844394,7.134033673027649)","(6.192731265363694,7.125933947180388)","(6.020104493720423,7.1175502340811745)","(5.844374885884244,7.1089603852202465)","(5.66593325999918,7.100244400411815)","(5.485129450342779,7.0915021040651744)","(5.302284489107343,7.082880937991383)","(5.117707923068151,7.074622163349648)","(4.931724500112771,7.0671353002475295)","(4.744714378821305,7.061103086900044)","(4.557163142845651,7.05758130167894)","(4.3696905489252,7.0579626688969395)","(4.182984960389245,7.063577734981617)","(3.997593358234138,7.074891853672924)","(3.8136949902798025,7.090875659057304)","(3.631105364535524,7.109297120818187)","(3.4495182953302033,7.12771603115336)","(3.2687458096968514,7.1442888520417265)","(3.088820071070838,7.158000105288983)","(2.909999403836845,7.168522328286765)","(2.7327486979949644,7.175967103901355)","(2.557716267726145,7.1806397997820905)","(2.385685657013,7.182809906486181)","(2.217460892061153,7.1824967025337605)","(2.053659059052572,7.179318904247662)","(1.8944459474444693,7.172504765296145)","(1.7393280590151392,7.161116513449115)","(1.5871318644029213,7.144399108848226)","(1.4362201205887606,7.1220561358317696)","(1.2848672975258204,7.094311873837784)","(1.1305444111513336,7.061783571695017)","(0.972005145833931,7.025305019860266)","(0.8097749102381246,6.98548878045894)","(0.6443424809216358,6.942720224853837)"
"(10.010598580311884,8.506424325382676)","(9.974736238676577,8.50642525371153)","(9.918768531650732,8.506426778811603)","(9.845184094688577,8.506428929260226)","(9.756162341629954,8.50643175356803)","(9.653611751290232,8.506435305576261)","(9.53920343069522,8.50643963173272)","(9.414400549488027,8.506444761783547)","(9.280484159746425,8.506450703644703)","(9.138575847472639,8.506457442329399)","(8.989657604002032,8.506464942198756)","(8.834589256339926,8.506473151671692)","(8.674123786139827,8.506482020055248)","(8.50892281127015,8.506492345998629)","(8.339673775675605,8.506566901347501)","(8.169957696797786,8.509747159744249)","(8.011663032272024,8.54592180232119)","(7.848689537476096,8.608225281517214)","(7.847015921872431,8.649989028598176)","(7.970820174672249,8.708891445540974)","(7.9558835933284655,8.786147491887922)","(7.800710932385837,8.871828433609005)","(7.62198743666939,8.939927510247108)","(7.456816405291275,9.000513239059854)","(7.397532146659705,9.069868830543792)","(7.328250381876061,9.153480956496882)","(7.204102372194179,9.23406179001152)","(7.034346957518009,9.310428945908805)","(6.843239952207302,9.371214642283192)","(6.644008164204572,9.41217477209886)","(6.441817084816362,9.435508770385445)","(6.238843529874803,9.444761803547337)","(6.036098129105959,9.443134032437497)","(5.834023506761282,9.433213934530869)","(5.632763594386924,9.417021372020761)","(5.4323131139309275,9.396104263719339)","(5.232599966681128,9.371636741398675)","(5.0335282442793785,9.34450424470618)","(4.834999237740169,9.315372367025143)","(4.6369206775849054,9.284740608039337)","(4.439209937604965,9.252983531268685)","(4.241794312774363,9.22038192565284)","(4.044610014651525,9.187146236894558)","(3.8476007279740756,9.153434103671458)","(3.650716146649131,9.119363432029733)","(3.45391068690302,9.085022106185408)","(3.257142464833784,9.050475168901794)","(3.060372572179397,9.015770100888423)","(2.8635646585823626,8.980940674665927)","(2.6666848148713433,8.94600974285696)","(2.4697017411127518,8.910991233982982)","(2.2725871710682286,8.875891561849194)","(2.0753165100039594,8.840710599428661)","(1.8778696269436055,8.805442316543212)","(1.680231729393211,8.770075122365036)","(1.4823942450440584,8.734591872342204)","(1.2843556519586186,8.698969359346938)","(1.086122257953726,8.663176816184077)","(0.8877090919707551,8.627172204410313)","(0.6891415755507234,8.590892608167284)"
"(9.176839034976444,5.865969988133061)","(9.141000642662028,5.8659699552261575)","(9.085071819162806,5.865969903968166)","(9.011541586798133,5.865969836760209)","(8.922590600461179,5.865969755732017)","(8.82012935154121,5.865969662760731)","(8.705831638721941,5.8659695594869)","(8.581163892048144,5.865969447328584)","(8.44741086400479,5.865969327494195)","(8.305698137722766,5.865969200988822)","(8.157011847313433,5.865969068370703)","(8.002215980473474,5.865968918453947)","(7.842068427969145,5.865968225803551)","(7.677259738396185,5.865946688210817)","(7.508811204615426,5.86542099523161)","(7.34039965157782,5.8616613367027135)","(7.263476501725887,5.872664225193188)","(7.294957011812146,5.957307481317011)","(7.295787430608592,6.03591144247262)","(7.4093846587430825,6.0462718115574745)","(7.4551302721916235,5.968748008925125)","(7.408183103482945,5.85129587847269)","(7.322674965648118,5.755186555982502)","(7.27833971753708,5.711438866300898)","(7.330605601293551,5.74452639766018)","(7.359959344333538,5.76444327354604)","(7.350833108179204,5.739977197988324)","(7.289767183011746,5.683777572705567)","(7.183620428006946,5.60092755880882)","(7.036736310370412,5.511721572329597)","(6.8647965439673895,5.433650208593575)","(6.681231161181406,5.368354418627495)","(6.491187309085245,5.316212441544804)","(6.296105841929119,5.277748430506374)","(6.098275800868535,5.253571277853899)","(5.899556838857195,5.241610621274877)","(5.700751690865738,5.239071053769222)","(5.502177714022524,5.243624093951338)","(5.303931193820797,5.253477504839724)","(5.106010903516644,5.26728463412255)","(4.908380930752006,5.284043173350151)","(4.7109959694261665,5.303008084346842)","(4.513811829277042,5.323625233543796)","(4.31678956503862,5.345482028722955)","(4.119896593561952,5.368270861704628)","(3.9231064515139167,5.39176206163299)","(3.726398021697649,5.415783881723905)","(3.5297546274449405,5.440207680143872)","(3.3331631739055916,5.4649369363153)","(3.136613404407645,5.489899101006954)","(2.940097286949313,5.515039542093831)","(2.743608522379001,5.540317041850734)","(2.547142157132042,5.5657004443556986)","(2.3506942817765273,5.591166156638083)","(2.154261798098333,5.61669628465858)","(1.9578422400498698,5.642277242457172)","(1.7614336366722145,5.667898715342869)","(1.565034407702593,5.693552890006252)","(1.3686432849334194,5.719233889363501)","(1.172259254674143,5.744937371377015)","(0.9758815195002182,5.770660274998599)","(0.7795094829913989,5.796400739710115)","(0.5831427792653568,5.822158363553912)"
"(5.43581090993684,7.310907422001435)","(5.462002767624494,7.309756328706907)","(5.504549779621226,7.310385551159658)","(5.564135537416935,7.31325100082307)","(5.643099674984678,7.317884982427682)","(5.7454067114458125,7.323829790841325)","(5.873497597804021,7.330745515798001)","(6.024009373568551,7.3379503922464036)","(6.189544326906881,7.344445333489717)","(6.3636210743748265,7.349460232461726)","(6.542329813696179,7.352700299659833)","(6.723643633807036,7.3542476490718816)","(6.90656503126998,7.354395304893009)","(7.09061530506212,7.353518496239339)","(7.275571375414664,7.351991842588255)","(7.4613297189321,7.3501469811514655)","(7.647717221371064,7.348161460558715)","(7.832992673963188,7.346151718943116)","(8.006201606085734,7.3562999590719835)","(8.15254232133824,7.397404315558908)","(8.21899514442309,7.446901551744666)","(8.044404372912627,7.471136761390793)","(8.032444012214642,7.503399667381542)","(8.172590997080482,7.552987961448133)","(8.262780828497693,7.56437749527414)","(8.238608739293795,7.520040873196693)","(8.317882287656062,7.511886740999366)","(8.393904830085916,7.488641235483904)","(8.4854027642999,7.481823621799778)","(8.574159825799363,7.511190922296437)","(8.658101572383881,7.518792146929263)","(8.746903807447598,7.477025747799486)","(8.864451556073778,7.425656747624968)","(9.00564742201282,7.386426643956672)","(9.159882526391012,7.355796054664924)","(9.321757292428924,7.325640018318624)","(9.4918355211085,7.2945437994352105)","(9.670197901937238,7.267201002436992)","(9.854615738509583,7.246364478516394)","(10.043029772916068,7.231794058688317)","(10.234265752213313,7.222248103351763)","(10.427642711437436,7.216573026986195)","(10.622685849265713,7.213866316899444)","(10.819025774948031,7.213436332348039)","(11.016366873810613,7.214753186318094)","(11.21447212547586,7.217410846528886)","(11.413152293878188,7.221098345763897)","(11.612257096368765,7.2255776872233675)","(11.81166783430441,7.230666810813294)","(12.011291281382526,7.236226470571566)","(12.211054662034565,7.242150154407722)","(12.41090155852247,7.2483563645704185)","(12.610788595097073,7.254782722559486)","(12.8106827631819,7.261381479939194)","(13.010559270051917,7.268116112316826)","(13.210399811911955,7.274958752858407)","(13.410191188919713,7.2818882914743925)","(13.609924193441428,7.288889042251959)","(13.809592711636157,7.295950020331352)"
"(5.400145815448726,6.69472201787423)","(5.440883915806155,6.68062901062799)","(5.504296180200613,6.6611714709072025)","(5.587370121298704,6.639728499280622)","(5.687243406290449,6.618880560737481)","(5.801305187084713,6.600097820795092)","(5.927275801964741,6.583956093445189)","(6.063225419006282,6.57050124554674)","(6.207559263856575,6.559530898463424)","(6.358980480207487,6.550747624297612)","(6.516436586357402,6.5438299699442775)","(6.679064912724999,6.538467283158043)","(6.84614715279065,6.534378217122485)","(7.017051831488917,6.531338198930404)","(7.190863675467057,6.529639763617351)","(7.365924955660232,6.5329675817649475)","(7.543951075419039,6.543397746353848)","(7.724755601273998,6.55450023655868)","(7.779447682542129,6.535353310781232)","(7.720090420741562,6.441659214232348)","(7.775546369207332,6.417146534534111)","(7.784493769593137,6.446987780968716)","(7.693689752987039,6.525751388978036)","(7.65964147664809,6.6047948431345755)","(7.699309806282154,6.610099980285959)","(7.701737693304499,6.574229152682806)","(7.68961529358418,6.555732436773227)","(7.758379173538174,6.589355572565339)","(7.822183304984042,6.61754670920253)","(7.831990721760607,6.6121351185848445)","(7.769689748815333,6.576064742876486)","(7.687490576768716,6.533065412752365)","(7.6501073029184505,6.505388218007854)","(7.666302135328169,6.511129744784864)","(7.670613631078543,6.535105613222868)","(7.66160926648761,6.578323840113691)","(7.681847829870698,6.62088708439792)","(7.727450888951203,6.651073108125203)","(7.7743579609578095,6.663984611847819)","(7.820682198410523,6.653204103981891)","(7.875410762363735,6.624140797346829)","(7.925421833575633,6.586739073384162)","(7.947059904323426,6.556775765184184)","(7.968092559237266,6.540242717670739)","(8.013705877264982,6.533207849192956)","(8.087856978517175,6.528279194463015)","(8.175503080760791,6.525630933706264)","(8.255843612731503,6.529279303882427)","(8.31599479233011,6.54404566991537)","(8.369924770605651,6.568723767458073)","(8.44628941526565,6.599474734973696)","(8.561927289967224,6.6356217358455245)","(8.712241096796427,6.673394526180194)","(8.88249474861706,6.705869982166803)","(9.062282811839562,6.730649757512578)","(9.246932300295294,6.748515241143208)","(9.434394109726641,6.760762681868624)","(9.623473937189656,6.768472557407692)","(9.813266480833539,6.772424412245946)","(10.002996753756367,6.773158913681888)","(10.191985813393568,6.771074871496614)","(10.379687142259092,6.766537821330395)","(10.565757577195114,6.759973899519507)","(10.75011212382555,6.751913099410952)","(10.932919621535255,6.742962693657797)","(11.114534510814602,6.7337304922228345)","(11.295398441426485,6.724743494484055)","(11.475952800380009,6.71639840534019)","(11.656583713257449,6.708952438613737)","(11.837599201422371,6.7025423024024064)","(12.019227892478565,6.6972147158771)","(12.201628434845919,6.692956643941983)","(12.384902362480469,6.689719762265833)","(12.569106669758046,6.6874379864609015)","(12.754264643876109,6.686038972371088)","(12.940374583510057,6.685451105445721)","(13.127416509327553,6.68560748485023)","(13.315699242718626,6.686501901302158)","(13.505531030418533,6.688100285196421)","(13.696712549975674,6.690292832495174)","(13.88906148490142,6.693003918069439)"
"(11.196460889407705,8.402043134852901)","(11.154691195781758,8.404806187634259)","(11.08989736178317,8.409307380880687)","(11.005417519219261,8.415355971947871)","(10.904229795476827,8.422561184215724)","(10.78891945802616,8.430412821400564)","(10.661681849802308,8.43841257016017)","(10.524356455280774,8.44616511029905)","(10.378476259347856,8.453406849601814)","(10.225318935840846,8.459992590957079)","(10.0659527923912,8.465865899896556)","(9.901275203515564,8.471029148775871)","(9.732043699965027,8.475519612933288)","(9.558900781266297,8.47939260047676)","(9.382393684450763,8.482710472815667)","(9.20299062609237,8.485535952931185)","(9.02110323089136,8.487929007928408)","(8.837223229699024,8.490017829758097)","(8.653191567786376,8.49356574199303)","(8.477722551700085,8.5043648598358)","(8.401440721800304,8.535778961120554)","(8.413007481817381,8.596445567223668)","(8.37298963733406,8.674377006848188)","(8.223833981436188,8.737216754909735)","(8.020160372692326,8.798004277907342)","(7.8142673159723826,8.845810965701679)","(7.634500127110311,8.862505262858557)","(7.48274016434035,8.852260841299072)","(7.348707765222098,8.843211794711891)","(7.229912511382246,8.86345029750357)","(7.105820455573461,8.90055273285704)","(6.968130903916128,8.928197262826615)","(6.819669440357102,8.9423331796842)","(6.661855788107623,8.945846789504452)","(6.49511756830449,8.94128949842332)","(6.3199887550476435,8.930497486327797)","(6.137476967589591,8.91503274068392)","(5.9489693742633225,8.896355230024783)","(5.75593814767074,8.875752652341127)","(5.559693071139568,8.854233099517295)","(5.361275816361201,8.8324953682915)","(5.161461586864962,8.81097144946696)","(4.960806754740415,8.789896536205747)","(4.759703603700984,8.769375147739389)","(4.558426751512493,8.749431830569895)","(4.357168191184836,8.730046036535775)","(4.156062389000956,8.71117457957657)","(3.9552038125208333,8.692765417996135)","(3.754658993425388,8.674765749896132)","(3.5544747142778657,8.657126524265733)","(3.35468345087775,8.639804755036865)","(3.1553068656922414,8.622764517358688)","(2.956357920587182,8.605977166715551)","(2.757842030362968,8.589421105424279)","(2.5597575854072057,8.573081289607405)","(2.362096110159575,8.556948596027215)","(2.1648422773559672,8.541019133926504)","(1.967973954589908,8.52529358029942)","(1.7714624132392154,8.509776631296228)","(1.5752727794194128,8.494476698547594)","(1.3793647584898758,8.479406052873394)","(1.1833372212137543,8.464605357183629)","(0.9868758141693195,8.450092611678945)","(0.7900279609146895,8.435869484272345)","(0.5928332056744582,8.421971488907735)"
"(4.023211387001703,5.359957434827268)","(4.058145684941043,5.359439215536206)","(4.112599337282541,5.3585427158718675)","(4.184080662479776,5.357250144002911)","(4.270423992851252,5.3556073347560345)","(4.369774535147613,5.353721172423389)","(4.480553162436349,5.351723379533242)","(4.60140936891813,5.349734607675275)","(4.731176033440057,5.347845506195894)","(4.868833230373448,5.346113436820488)","(5.013481800603864,5.344567620052059)","(5.164324542108599,5.343216840590235)","(5.320652539040586,5.342056634433108)","(5.48183471852802,5.341074876352135)","(5.647309387652066,5.340255691198142)","(5.8165768909832085,5.339581972231102)","(5.9891869470469805,5.339036082938683)","(6.164460977631408,5.338576339348336)","(6.339346878419854,5.338219663438059)","(6.504395921063841,5.339270885144265)","(6.650270772664221,5.344566694049867)","(6.781587769177917,5.353470301738093)","(6.906822456658027,5.360059231207878)","(6.972605793684481,5.331841501584388)","(6.959994190380287,5.220157328294445)","(6.995761895773901,5.108787441350204)","(7.075322836474548,5.023774765295974)","(7.181228877402237,4.965815270999988)","(7.302241328428077,4.925898952846888)","(7.428999707493595,4.890227995236718)","(7.49119819212889,4.819997937828751)","(7.538626957168824,4.706045416998321)","(7.629012354660379,4.601138995272334)","(7.751093154433579,4.523577538110079)","(7.892041133468352,4.47386822746174)","(8.043396123828927,4.44545978401309)","(8.201886152080125,4.430259812190703)","(8.366633041013868,4.425164430528152)","(8.53577012166567,4.429572146895431)","(8.708037548224567,4.441442328428906)","(8.882912781717362,4.458764756664375)","(9.06007739082564,4.4800700025409235)","(9.23927946361659,4.504312066933377)","(9.420301532002041,4.530740917057949)","(9.60294916165298,4.5588137824052195)","(9.787046275607672,4.588134343196819)","(9.972433077458662,4.618410675585409)","(10.158964891718533,4.649425909751509)","(10.346511247537086,4.681017579791201)","(10.534954972425215,4.713062966714503)","(10.72419124123655,4.74546861117765)","(10.914126590226346,4.7781627530237865)","(11.104677923738526,4.811089842126871)","(11.295771540829953,4.844206526194718)","(11.487342203099535,4.87747869908904)","(11.679332258046433,4.910879315623593)","(11.871690826245711,4.9443867637724095)","(12.064373055966517,4.9779836446989805)","(12.257339445500135,5.01165585298087)","(12.450555231181724,5.045391879242389)","(12.643989837622414,5.079182278816597)","(12.837616531539888,5.113019312405067)","(13.031415338632858,5.146897671883588)","(13.225366574507358,5.180812243371608)","(13.419451392275382,5.21475832320051)","(13.613653229588373,5.248732079580469)","(13.807957512484679,5.2827305192086875)","(14.002351357179784,5.3167516783042155)"
"(4.940002386912941,5.53927279691383)","(4.976785643726452,5.539155540484325)","(5.034294895402393,5.53889542840724)","(5.110137629406592,5.538384070626986)","(5.202293908582093,5.53747227370776)","(5.309039098119579,5.535997764528372)","(5.428851185465868,5.533830261507753)","(5.560324130498654,5.530917978919404)","(5.702111215475139,5.527313908712271)","(5.8529096176207105,5.523168569198135)","(6.011478120157136,5.518693976038081)","(6.176668090856769,5.5141172094205375)","(6.347449576606711,5.509641947735792)","(6.5229232143563145,5.505426591184354)","(6.702278933478678,5.5015635876815905)","(6.882907900357962,5.496986454984636)","(6.971711328366511,5.472295436353479)","(6.957040841682255,5.374456220200805)","(6.9985923507720775,5.27870057846511)","(7.093674451538161,5.2085668158124125)","(7.233115390673457,5.158091220568067)","(7.4037416704254575,5.11868254170053)","(7.590991867545875,5.085912432860632)","(7.783823264451248,5.058111190146048)","(7.835397568258958,5.005426831122413)","(7.822235626946479,4.887814028253852)","(7.865565039502306,4.782368151486151)","(7.953254742193522,4.70668887077437)","(8.067876012933205,4.657519926379716)","(8.200307169395678,4.627927602238645)","(8.344787407255833,4.614458386616852)","(8.49705608397534,4.613359205570341)","(8.654948795410107,4.621157157114981)","(8.817463685865976,4.6352695274959785)","(8.983991649872403,4.653919285490659)","(9.153992680322377,4.6759546361402045)","(9.327004191882187,4.700539869777577)","(9.502666034061548,4.727044336856935)","(9.680671063791545,4.755007702222726)","(9.860746798615722,4.784093444286148)","(10.04265040642957,4.814052749692556)","(10.226165667679142,4.844699524427058)","(10.411100437688175,4.875893007985285)","(10.59728433216068,4.907525557640694)","(10.784566562317604,4.939513979265276)","(10.972813911298184,4.971793312343028)","(11.161908858090246,5.004312330710201)","(11.351747854389616,5.037030254827094)","(11.542239755325705,5.069914327603666)","(11.733304400566333,5.102938011183956)","(11.924871338950496,5.136079633993712)","(12.116878687602798,5.169321366923378)","(12.30927211527309,5.202648442020068)","(12.502003939172647,5.236048551294815)","(12.695032324618573,5.269511380426514)","(12.888320577169605,5.303028244446264)","(13.081836517496662,5.336591801444932)","(13.275551929862132,5.370195827117091)","(13.46944207564762,5.403835038644555)","(13.663485263591891,5.437504962884713)","(13.857662467514219,5.4712018585003115)"
"(11.823821741846022,7.316478969732526)","(11.80255822238205,7.317332886570979)","(11.765056236694756,7.3200604055685226)","(11.709887696683207,7.324898126903532)","(11.63667082828348,7.331161175483657)","(11.545593185938896,7.337742991027744)","(11.437108339470132,7.3436164109364634)","(11.312101224696042,7.3481771997296015)","(11.172190940811719,7.351377173082984)","(11.019691411329152,7.353588361296011)","(10.857177128217169,7.355305693084656)","(10.687016141515674,7.35691220744772)","(10.511134193405683,7.358606597314243)","(10.330994365406408,7.360439621292976)","(10.147674684073838,7.362378929562591)","(9.961961647358889,7.3643609540458455)","(9.774428277824635,7.366321482552824)","(9.585492647335338,7.368209349567457)","(9.395570719323036,7.369953106790696)","(9.21931683285342,7.3656182901352025)","(9.230718710256232,7.284929211282189)","(9.237181779933422,7.1952989699241305)","(9.205645133539655,7.122744164343518)","(9.143816412487661,7.07951136751553)","(9.063091402576935,7.05384604128944)","(8.968019488627709,7.035233544525977)","(8.86273150190033,7.0229718705531585)","(8.76261127310079,7.016484246275461)","(8.72413911650398,7.0090364405703385)","(8.7726601950206,6.969599108548267)","(8.836034800092714,6.890934919249876)","(8.863457721275674,6.795025163888231)","(8.839740925444634,6.7039920646466005)","(8.776077116332237,6.637868123845854)","(8.69504732893494,6.602542055252254)","(8.617230177111068,6.590917041355583)","(8.562194101375786,6.585217924956767)","(8.535343187010572,6.570565744660628)","(8.509041645288073,6.55537732739473)","(8.474151271380592,6.54598256140114)","(8.437935258277683,6.540608376465488)","(8.42508949974074,6.537229898290953)","(8.466063121655658,6.523239942551429)","(8.546511315035684,6.5009615546116715)","(8.626946025060462,6.4745644195829435)","(8.691883169690595,6.442287724434532)","(8.738404732405295,6.399040094974817)","(8.768180390257154,6.340078161883645)","(8.785714961782007,6.26257092739161)","(8.783743588966027,6.168582856588812)","(8.748091439731605,6.071210395590377)","(8.675564319814482,5.985776598276308)","(8.573007034551983,5.922753389445877)","(8.452976591961917,5.88205369621536)","(8.326004481917947,5.8459789619336915)","(8.186750701381232,5.806486490995382)","(8.034658745958877,5.780751700201617)","(7.876447762011189,5.769058011129737)","(7.712855272148956,5.763233057723097)","(7.543150915757232,5.765261416610823)","(7.369979434127906,5.777363622276769)","(7.194618341766101,5.7974744639327165)","(7.017419585304361,5.82342012094102)","(6.8385668265844775,5.853622011313995)","(6.658203836991436,5.88695529098006)","(6.476460468739956,5.9226120788481875)","(6.293459971116012,5.960006138377987)","(6.109320187118462,5.998706508513114)","(5.924152689667871,6.038390106309217)","(5.7380613237125955,6.078806048000384)","(5.551140430014178,6.119745817153318)","(5.363472304273737,6.161013509159458)","(5.175122715766735,6.202389190041781)","(4.986132247344866,6.2435761819447)","(4.796499725315982,6.2841218554250835)","(4.606152996865105,6.323309337778807)","(4.414906019932959,6.360055706201447)","(4.222419731915566,6.392947228374916)","(4.0282222858941905,6.420637756634284)","(3.8318556819274296,6.442650236615377)","(3.6331062905174436,6.4600071193904975)","(3.4321258160902595,6.474946483463654)","(3.22932989480696,6.489938197421197)","(3.025187989978993,6.506881781544065)","(2.820055759874696,6.5268689920341725)","(2.6140909378069463,6.550317511578256)","(2.4072283312176683,6.5772217655423)","(2.1991938917693656,6.607413005169353)","(1.9895662359595465,6.640819021688972)","(1.7779156961827065,6.677725256783787)","(1.5640400203846083,6.718987866512269)","(1.3482559198661102,6.7660929879136775)","(1.1316301579230323,6.820982271064686)","(0.9160342721840109,6.885694354834471)","(0.7040461199196801,6.961959630323167)","(0.49898127290794025,7.0505834614371095)"
"(11.307734016826116,7.688410502393038)","(11.252474144138045,7.691305578357982)","(11.170602008098605,7.693177117172793)","(11.068673127400448,7.692675545513386)","(10.951252210455168,7.689693169177182)","(10.821438923213286,7.6848015468900694)","(10.681426376883579,7.678754826742772)","(10.532853640785286,7.672225744331365)","(10.37700016455538,7.66571514895243)","(10.214894267664773,7.659552264239862)","(10.047378882168598,7.653929040524493)","(9.875155347302892,7.648939512935328)","(9.698814891706327,7.64461282238388)","(9.51886247525946,7.6409374451941225)","(9.335735357216194,7.637877704652944)","(9.149817734358868,7.635384513223805)","(8.96146315790089,7.633398406097676)","(8.771978663159643,7.631412601532906)","(8.701706006577746,7.603113472723596)","(8.778325994282007,7.487904861376123)","(8.677271683485843,7.477408744698175)","(8.760559123730195,7.536615067495721)","(8.776726080351008,7.6229475415933585)","(8.729345731341304,7.703041177217303)","(8.703112007251875,7.758180518822305)","(8.69651018138043,7.8128175060469784)","(8.640545345690041,7.858131849872484)","(8.774588698121047,7.9160411116714045)","(8.860594206874241,7.959337844940911)","(8.862258299920462,7.976908301003298)","(8.829920550253881,7.997751480483815)","(8.782749848052479,8.054195090606404)","(8.720770955004888,8.111733327531272)","(8.719473499080724,8.149047525789877)","(8.793195195315702,8.19335890796151)","(8.852518622516138,8.253262052024837)","(8.87292468696629,8.347550837192573)","(8.873634822342627,8.471081290926525)","(8.89212963394745,8.578343213019398)","(8.940886370435978,8.659547803315151)","(8.980284778592434,8.73397257235016)","(8.984476421049271,8.800325343997423)","(8.962655726530274,8.836596081150914)","(8.95551509208592,8.829356900888733)","(8.948855084346263,8.789725202755088)","(8.924136302232563,8.73626735460003)","(8.911509196645051,8.708240680536969)","(8.981999296071326,8.731964393222196)","(9.045809746459295,8.770786275134244)","(9.058240951064173,8.805636639436358)","(8.9920794631448,8.813911224727073)","(8.86870354142549,8.815554347586781)","(8.718596688160224,8.82754810319701)","(8.554991268118904,8.839189118603288)","(8.38484679717407,8.841747967823066)","(8.211128109231776,8.835976926970043)","(8.034754823917668,8.824105429090622)","(7.856124648945982,8.807885220433352)","(7.675492483744815,8.788470947088925)","(7.4930976083762975,8.7666467521453)","(7.309143932420746,8.74302236528635)","(7.123803051909032,8.718055570708096)","(6.937227930885315,8.692080859385385)","(6.749556676829689,8.665343158195226)","(6.560913839507177,8.638023030315772)","(6.371411361513314,8.61025453450905)","(6.181149483462517,8.582137918925175)","(5.990217657320783,8.55374870014206)","(5.798695464590093,8.52514419601513)","(5.6066535208514585,8.496368253461156)","(5.4141543476953045,8.467454689126948)","(5.221253197359884,8.438429807565363)","(5.027998820425561,8.409314255522409)","(4.834434171131988,8.380124397485519)","(4.640597047706323,8.350873347298133)","(4.446520666068848,8.321571757905344)","(4.25223416350148,8.29222845416034)","(4.0577630222173795,8.262850993588707)","(3.8631293872290007,8.233446260646256)","(3.6683522231866936,8.204021238941987)","(3.4734472104515284,8.174584134233111)","(3.278426240926649,8.145145962636363)","(3.083296390963944,8.115722480238013)","(2.8880583832710665,8.086335914237598)","(2.6927048066542194,8.057015549160571)","(2.4972186529304787,8.027796095505032)","(2.301572942459627,7.998713032177605)","(2.105732331112678,7.969794616461576)","(1.909657718512209,7.941050823396713)","(1.7133149451354082,7.9124603963859)","(1.5166879163198113,7.883959450994022)","(1.3197935328298167,7.855439386020914)","(1.1226912409044658,7.8267670140656325)","(0.9254805065995767,7.797849578748183)","(0.7282961251861306,7.768830401032084)","(0.5313674759318533,7.740867531094027)"
"(12.292743729057026,5.850762895981631)","(12.257702955137862,5.850363785886054)","(12.203032447636005,5.849700112260327)","(12.131187323075363,5.84874617425731)","(12.044329949647278,5.84746175579778)","(11.944363804564096,5.8458019444376115)","(11.832960724122465,5.843729061245171)","(11.711583683870211,5.841223964333726)","(11.581507129400032,5.838293817528898)","(11.443836263422195,5.834974579012854)","(11.299525912310742,5.831328166859962)","(11.149398948418002,5.827435647643171)","(10.994163887975947,5.823388435573721)","(10.834431199902669,5.819279433013809)","(10.670727951055948,5.815195557504497)","(10.50351058436063,5.81121244928121)","(10.33317580756833,5.807391536102687)","(10.160069715649287,5.803779178021042)","(9.984495357994362,5.80040737196596)","(9.806719000296388,5.797295433708951)","(9.626975565521269,5.794451508061955)","(9.445478943732152,5.791859791333336)","(9.262464236966316,5.789406934132842)","(9.078339249275684,5.786699730353549)","(8.894253816399926,5.782439016392056)","(8.71547870660946,5.7737303493548175)","(8.569771257395196,5.7665217883684345)","(8.493591808541609,5.774584580881925)","(8.447730165741461,5.7672453138230555)","(8.389057527759594,5.7370385464897495)","(8.291988725861163,5.68438354245505)","(8.167064420574379,5.609650721375487)","(8.162768475100298,5.518366627570027)","(8.171869642971222,5.39319163617466)","(8.125993149559438,5.2767183225397245)","(8.037927958654556,5.1886793274664615)","(7.924737117177826,5.132001108534688)","(7.797577076153891,5.097447935822383)","(7.66409085930747,5.072970638166185)","(7.530031948620396,5.049461079054626)","(7.4009483822660815,5.015119641536233)","(7.2755104711887535,4.956874423207302)","(7.140948732988937,4.8891258576211145)","(6.993052593344786,4.831425794015064)","(6.83478738085792,4.789213093728225)","(6.6694512912512485,4.761227198599268)","(6.4993107395394025,4.744945534992947)","(6.325797335835891,4.738198775313946)","(6.149809803720986,4.7392997231950575)","(5.971921620835951,4.746878783361315)","(5.792509515454301,4.759781863010032)","(5.611832181547984,4.777030490892318)","(5.430078565339917,4.797802460782903)","(5.247397140487737,4.821414800858742)","(5.063913290074487,4.847305527398138)","(4.879739395849887,4.875015205054609)","(4.694980579634848,4.904169805175766)","(4.5097379260270785,4.934465787860662)","(4.324110281586998,4.965657752249336)","(4.138195260448738,4.997548615657405)","(3.9520898030792515,5.0299820716523405)","(3.765890470854302,5.0628369774132596)","(3.5796935713051896,5.096023283807004)","(3.3935951688406774,5.129479121154277)","(3.207691024332227,5.163168679371777)","(3.022076510636679,5.1970805714403205)","(2.8368465598771953,5.2312264442563325)","(2.652095704895301,5.265639698174268)","(2.4679182776759987,5.300374288151624)","(2.2844088214993903,5.335503693747689)","(2.101662764159828,5.371120251232804)","(1.919777415549785,5.407335132106956)","(1.738853362691243,5.444279340225318)","(1.558996474122509,5.482106204413965)","(1.3803210286919971,5.520996028454023)","(1.2029553007732645,5.561163922219174)","(1.027053397865526,5.602872455622026)","(0.851831108256119,5.64744712360634)","(0.6757300331176478,5.696657203264678)","(0.49905109837372275,5.750442994346049)"
"(5.147088813164279,8.532171466684735)","(5.181582290370722,8.53308255225136)","(5.2353551333682535,8.534469298891812)","(5.306021347414611,8.536179181423163)","(5.391571237512101,8.538032871709657)","(5.4903065243301805,8.539869023770358)","(5.60076148684782,8.541574338084326)","(5.72164147087364,8.543087314986916)","(5.8517861043567,8.544386425821482)","(5.99014998589487,8.545475142098068)","(6.135791948145345,8.54636993886712)","(6.287867347486791,8.547092473962396)","(6.445620966747161,8.547665135979004)","(6.608379838638623,8.548108810040146)","(6.775545980903121,8.548441950227465)","(6.946588571257418,8.548680458529885)","(7.120998194104166,8.548839234864941)","(7.29576669787169,8.54879891225619)","(7.3021071712258845,8.556882138639539)","(7.174097036220447,8.553134528579518)","(7.088401899814692,8.560024299299915)","(7.048964911669271,8.601371433927458)","(7.064409707650889,8.655170570588062)","(7.099503816181857,8.675926817732638)","(7.034358562731564,8.655355846992993)","(6.968983527588797,8.584758345295722)","(6.956597446232741,8.499048792409651)","(6.998748807570373,8.42521480388874)","(7.068666332696844,8.36555286016317)","(7.149756261425349,8.294983549213319)","(7.253869799388074,8.219007355716203)","(7.379617285153893,8.16164752783284)","(7.5156352945121085,8.125630079242914)","(7.6508425680078975,8.10608240139672)","(7.741612013586703,8.101076898132305)","(7.734297531906828,8.112235180380024)","(7.743984770036754,8.133238714000878)","(7.778430109770654,8.145553343761355)","(7.82779910658084,8.158706284793613)","(7.889103953933975,8.180773136946968)","(7.957622279637915,8.219905791533693)","(8.03289277333606,8.271635406106212)","(8.119987937202486,8.323169539487084)","(8.221022616365408,8.367446156918367)","(8.333398884435935,8.401967602238438)","(8.44932834854236,8.425170681808831)","(8.528493093837435,8.420454905708736)","(8.530698383362168,8.364623565120473)","(8.559792120569425,8.301800789960858)","(8.621083422887263,8.260095249687648)","(8.699976789259763,8.235429652009252)","(8.788878149050715,8.213665669440338)","(8.88933108122883,8.185763469337795)","(9.002080475844657,8.15904470016639)","(9.117222461693844,8.131050070844665)","(9.232451093286807,8.088228214748568)","(9.359964149264158,8.039234935024488)","(9.502196282587613,8.002586459176305)","(9.654010497284478,7.982200095245836)","(9.812089288426662,7.974714239376291)","(9.974937589534782,7.976485098256766)","(10.141760730087084,7.98485166449182)","(10.312027680080739,7.997966832277138)","(10.485325074913023,8.01454384949352)","(10.661301210314546,8.033674796803242)","(10.839640749068163,8.054707743771214)","(11.020048113874415,8.077162152492678)","(11.202228002065407,8.100668114652272)","(11.385854584300755,8.124921109768582)","(11.57052456259606,8.149651481533846)","(11.7557030074278,8.174617998969868)","(11.940704505970224,8.199641327799029)","(12.124790540646051,8.22467457406272)","(12.307430129736064,8.2498506062311)","(12.488596559402577,8.275414553198049)","(12.668827890987687,8.30155259679063)","(12.848958597272244,8.328269338749697)","(13.029757212887535,8.355412773644373)","(13.211733253321674,8.382775780061639)","(13.39531821685985,8.410088189188988)","(13.58047232317556,8.437284107298943)","(13.76700224545277,8.46436736114342)","(13.954742187160582,8.491316585634927)"
"(12.020037670352599,6.683208264172225)","(11.987404009392458,6.677310056071805)","(11.936203942558267,6.668466737607547)","(11.868304283823297,6.657722897398816)","(11.785338254077157,6.646237310942006)","(11.688819655953726,6.635024705103494)","(11.580179323748537,6.624793386442735)","(11.460758627874126,6.615931843834554)","(11.33179520433292,6.60858127798835)","(11.19441421558282,6.60272533833538)","(11.04962638117719,6.598261496895394)","(10.898331499051073,6.595045931172132)","(10.741325997791755,6.592917919521378)","(10.579312770388595,6.5917129148221365)","(10.412911566352628,6.591270680874371)","(10.242668764181442,6.591441214467386)","(10.06906601946784,6.592089037963421)","(9.89252774990913,6.5930958193175835)","(9.71342765438196,6.594361318650663)","(9.5320984265433,6.595794023459364)","(9.349021032404437,6.596618094270703)","(9.164974439588336,6.590571335925904)","(8.98022722125929,6.566174336929914)","(8.813186501531087,6.5194897099516345)","(8.687208562826896,6.455072443127026)","(8.576853392905196,6.398315187664913)","(8.477751350358593,6.358882084062483)","(8.393233487333411,6.330112876409353)","(8.314560620518726,6.316841139829591)","(8.252209082855302,6.306319695563855)","(8.22181169076712,6.288480904677083)","(8.201559043513162,6.281357462520215)","(8.166714005139447,6.288377177109941)","(8.116112599877013,6.293998387431552)","(8.088709513518483,6.273047767553635)","(8.059632539623395,6.226365772365301)","(7.995899588010622,6.176353491260586)","(7.907621985758145,6.126513469600294)","(7.8176879203059135,6.0716867697688786)","(7.755002869819569,6.005732436736924)","(7.698985573729077,5.930386651133695)","(7.612779660847597,5.875422599293241)","(7.512382446424159,5.855675460809248)","(7.419354951992688,5.864735654224224)","(7.3295486466675825,5.8832974938339095)","(7.241844250481351,5.8943491963687915)","(7.1737082015088935,5.877278984294857)","(7.107947904618041,5.830982971852629)","(7.01286895110913,5.787738483434699)","(6.889226534449192,5.762403012331515)","(6.74615208367063,5.752857378923969)","(6.590843890007627,5.7545175121831225)","(6.427646958212855,5.7638997592213626)","(6.258988328781868,5.778678001350299)","(6.086256586501244,5.797303497153385)","(5.910306369545993,5.8187203961441885)","(5.731711566750812,5.842192271403693)","(5.550889614320567,5.867196211666481)","(5.3681637530376465,5.8933555551941055)","(5.183795553744749,5.920395661167598)","(4.998002918276983,5.948114084286241)","(4.8109707512884565,5.976360081557283)","(4.622857777532735,6.005020323605224)","(4.43380122953844,6.034008811678164)","(4.243920289519745,6.06325968915845)","(4.053318754737087,6.092722070103042)","(3.8620871856704997,6.122356288210426)","(3.670304687214837,6.152131155294001)","(3.4780404146853607,6.182021943164067)","(3.2853548641956,6.212008887911566)","(3.0923009886301958,6.24207607430681)","(2.898925169711224,6.272210599018983)","(2.7052680703408067,6.3024019403415785)","(2.5113653879123956,6.332641482951752)","(2.317248528041062,6.362922161689647)","(2.1229452193904517,6.3932382005672865)","(1.9284800952739247,6.423584934296005)","(1.7338750088572423,6.453958664197588)","(1.5391499077774962,6.484356693808034)","(1.3443242650880713,6.514777469539408)","(1.149404575301735,6.545209654656827)","(0.9543923687604058,6.575641428306357)","(0.7592992633634448,6.606071889600226)","(0.5641352269292319,6.636499132160188)"
"(5.630553463918379,7.8792836663999255)","(5.6869161618706565,7.89731181193587)","(5.771414749004419,7.9187883938710275)","(5.877690838690627,7.939068159396977)","(6.000839780351712,7.956201206842351)","(6.137255205331297,7.969893531922948)","(6.284333361941736,7.98061957440058)","(6.440203610079361,7.989110955356861)","(6.603495903043573,7.996085032323549)","(6.773153266116772,8.002110437062683)","(6.948301750194084,8.007559877967427)","(7.128175166109705,8.012619455462504)","(7.312080764412624,8.017330744521349)","(7.499387730518449,8.02164461480043)","(7.689423272321598,8.025410800830528)","(7.8786140547850545,8.02548787521998)","(8.054948372967543,7.991828421907528)","(8.235959875871869,7.932670428610708)","(8.305344203659779,7.9151691811770775)","(8.213983104213607,8.003228243313407)","(8.158707721048184,8.081836163063793)","(8.122357320261806,8.119678363968484)","(8.113583150938217,8.140526197846604)","(8.137274400766717,8.143792262418424)","(8.183610450996445,8.151222111933642)","(8.267905782805531,8.184018837576286)","(8.347194812324334,8.251904707102225)","(8.370345895345732,8.350052314693983)","(8.381438509182649,8.391343588675)","(8.334456322259195,8.407859979265801)","(8.28409295422822,8.441448795246561)","(8.28232391962722,8.516416050584784)","(8.321805878665915,8.609647078692774)","(8.348669358666072,8.679212399689877)","(8.354247957859561,8.703449174348204)","(8.371933497632819,8.705898473498118)","(8.401750008497844,8.713973911435584)","(8.433254152717058,8.731455451301114)","(8.439648468102899,8.771402540438041)","(8.417960316669774,8.84585870066781)","(8.410803288716155,8.931902404807449)","(8.439009208109777,9.008014224224546)","(8.48547705688679,9.066399367446586)","(8.522205156890388,9.120998071269328)","(8.554641234534069,9.18549479888538)","(8.605580970506866,9.251417107031124)","(8.681880239573056,9.303933915049614)","(8.777410629586111,9.33872819151296)","(8.884642932887678,9.36086765864337)","(8.999267840604317,9.380731256759413)","(9.123573430174249,9.40739751001157)","(9.262843225541378,9.430316373423823)","(9.412184615665561,9.436245212877552)","(9.566664936094242,9.426184827309331)","(9.724959415633263,9.403955707758929)","(9.886463310238009,9.372056409051304)","(10.050571758918595,9.33242650740682)","(10.216858031374189,9.286812677785978)","(10.3851135084264,9.236675151267612)","(10.555205152942976,9.183110767943948)","(10.727002277869087,9.126919089953295)","(10.900368631899363,9.068687761375882)","(11.075166669170793,9.008854693365269)","(11.251262423372413,8.947751113236299)","(11.42853000853949,8.885632076215783)","(11.606856655196614,8.82269915166795)","(11.786150410096111,8.759118645940854)","(11.966354214330583,8.695037490900148)","(12.147471562265721,8.630596603811277)","(12.329607377893414,8.56593632973245)","(12.513015570517126,8.501180141543028)","(12.698113177271075,8.436378988132411)","(12.885384317850159,8.371422342740342)","(13.07513681899782,8.30598217302046)","(13.267215250057847,8.239596465704341)","(13.460928488719297,8.17187444351898)","(13.655315589572776,8.102634460313213)","(13.849480884205837,8.031857118260078)"
"(13.36557661177761,5.944753216501157)","(13.329837208231028,5.944756605903291)","(13.274063502485534,5.944761935194911)","(13.200738475139598,5.94476902198582)","(13.112037811604567,5.944777730437626)","(13.009867971206626,5.9447879692548415)","(12.89589955061202,5.944799691319157)","(12.771596521037035,5.944812893823837)","(12.638241846368805,5.944827617897084)","(12.496959926617494,5.94484394699232)","(12.348736256754568,5.944862003675267)","(12.194434643666062,5.944881944758761)","(12.03481228250627,5.944903954973506)","(11.8705329572452,5.94492823950842)","(11.702178597964265,5.944955015822615)","(11.530259398956577,5.944984505138869)","(11.355222676540906,5.945016923990829)","(11.17746062337461,5.945052476130306)","(10.997317096649235,5.945091345025435)","(10.815093560581564,5.94513368710868)","(10.631054289147793,5.945179625703128)","(10.445430929442812,5.945229242554441)","(10.258426541981187,5.945282557191843)","(10.070219302185093,5.945339475445898)","(9.88096651517634,5.945399634436175)","(9.690811357186075,5.945462164846343)","(9.499907204553793,5.945527174888776)","(9.308589944169373,5.945615800836511)","(9.118503737747636,5.945962082508353)","(8.937574446360884,5.948372290056686)","(8.7855433967605,5.958575530071749)","(8.673631160724664,5.97321303649035)","(8.602621213111775,5.971951771240297)","(8.567347177982102,5.9556242902107694)","(8.539030748141114,5.933310399594047)","(8.50720188956174,5.901172670515239)","(8.470972330984658,5.858217813084284)","(8.425073666589883,5.813898321634076)","(8.367382099234009,5.777165727988)","(8.301966560477355,5.749033700541709)","(8.238171858126968,5.725596736356437)","(8.184123293084932,5.705340624633528)","(8.134083118409748,5.691161471066101)","(8.079036790508114,5.682744046185915)","(8.01470327203364,5.677686288382569)","(7.939636252573268,5.674458719413891)","(7.854203552266585,5.6723361812073305)","(7.761300207298734,5.670694528731027)","(7.665465695626159,5.6690416179628045)","(7.5683286221467565,5.66770939660127)","(7.467525660989451,5.667318492603659)","(7.360120340807015,5.668098550501575)","(7.244512539765949,5.669977917867801)","(7.120334447902467,5.672844756022803)","(6.987929445581224,5.676590364499558)","(6.847951505526537,5.681078345587763)","(6.701142257492634,5.686167172343236)","(6.548233648297003,5.691735220492644)","(6.3899101245811645,5.697686577719653)","(6.226796987339195,5.703948320331631)","(6.059457855535573,5.710464775924137)","(5.888396268631291,5.717192652907843)","(5.714059554778468,5.724097675095216)","(5.536843651718821,5.731152280382265)","(5.357098154920736,5.738334013109366)","(5.175131221529203,5.745624375169657)","(4.991214154935073,5.753007986872797)","(4.80558559923829,5.760471961304444)","(4.618455327386224,5.768005428863037)","(4.430007634578546,5.775599169605584)","(4.240404361939248,5.783245324565829)","(4.04978758105332,5.790937166064711)","(3.858281971355754,5.798668912900564)","(3.6659969215457995,5.806435580241656)","(3.473028384301842,5.81423285672127)","(3.2794605112256328,5.822057003093764)","(3.085367092521313,5.829904768143368)","(2.8908128236529254,5.837773318556748)","(2.695854419264129,5.8456601803280375)","(2.5005415929876085,5.853563189992355)","(2.304917919646837,5.861480454479843)","(2.1090215951850997,5.8694103186072475)","(1.9128861058828754,5.8773513387264975)","(1.7165408157950186,5.885302261210401)","(1.5200112070461913,5.893262180289235)","(1.3233190918763698,5.901230616875358)","(1.1264845209909287,5.909206553364844)","(0.9295251487685083,5.917189124297449)","(0.732456454435831,5.925177672916155)","(0.535292013089363,5.933171808458937)"
"(12.624487283612657,7.761533334915742)","(12.57454691665185,7.743862143318394)","(12.500533875486926,7.723799145884662)","(12.408424029606566,7.705693670583012)","(12.302888818275171,7.69119199576613)","(12.187723788325405,7.680686421171611)","(12.066030970716069,7.674048151748458)","(11.940005902528817,7.670776044650824)","(11.810667080860462,7.670004303034612)","(11.67797383110805,7.670672596541367)","(11.541341265845697,7.671819971395447)","(11.40016210219324,7.672783805926853)","(11.254072647521769,7.6732212881217)","(11.102991303562227,7.673028037837607)","(10.947055255711376,7.672241356985816)","(10.786540180054779,7.670966694474106)","(10.621795228701302,7.669331731091432)","(10.4531984351086,7.667461158328771)","(10.281128797528291,7.665464604449492)","(10.105952939530962,7.6634332707252435)","(9.928213623939996,7.6615295555911755)","(9.750078901664244,7.660965964709315)","(9.575429303761682,7.665252282685375)","(9.407312099408944,7.677099167519693)","(9.251646144960498,7.694546343846488)","(9.203166118175645,7.72174806828522)","(9.266999559256803,7.751355228372482)","(9.313291246289825,7.787340274993937)","(9.362015436565917,7.823652216347593)","(9.435580261347015,7.852703525954747)","(9.504086795777281,7.882314373290095)","(9.538720346303716,7.921680085993769)","(9.519865783898926,7.959414096743139)","(9.467427296981723,7.977790081102106)","(9.401327660874722,7.987391849015495)","(9.338253417836702,7.992921012106652)","(9.298187457446938,7.985821401581996)","(9.2683215291056,7.971858747196677)","(9.23619489370769,7.968545484565918)","(9.207757502375076,7.979495141195918)","(9.201444332551429,7.993278165271808)","(9.272478770967556,8.01932803684896)","(9.388927352936523,8.06678316057719)","(9.521857130945396,8.132686039590348)","(9.63729320393771,8.212701029574307)","(9.715132611769615,8.30448340195968)","(9.743881749259756,8.403880948765202)","(9.720931933430597,8.499320728218832)","(9.659030555416718,8.580116408776165)","(9.581826341067766,8.637738208944448)","(9.523385537000145,8.660884892641164)","(9.48838779601908,8.659238070112641)","(9.451698951301113,8.652490340919622)","(9.403576340705783,8.646923739903912)","(9.348716442020704,8.650490047765098)","(9.287141273241188,8.672616065206002)","(9.206065832239576,8.702745077301595)","(9.104860746232005,8.723679093087611)","(8.989638464535386,8.732488970586001)","(8.863954319540419,8.732452400846537)","(8.729567851897675,8.726634495204644)","(8.587595241067564,8.717026769845225)","(8.438905639267466,8.704675785720951)","(8.284323494528588,8.690197672557915)","(8.124578421752155,8.674102755624657)","(7.960297498951247,8.656780526124203)","(7.792030950453029,8.638510657790018)","(7.620263986973597,8.619495850553562)","(7.445424208638233,8.59988607887438)","(7.267888031517084,8.579794519893658)","(7.087986498622306,8.55930813713071)","(6.906010524091894,8.538494857379279)","(6.7222156005027855,8.517408531304524)","(6.536826002987612,8.496092423597384)","(6.350038528317055,8.474581709953835)","(6.162025809461595,8.452905292138146)","(5.972939246346797,8.43108713762612)","(5.782911592157259,8.409147282971537)","(5.592059232220441,8.387102596006846)","(5.400484189667554,8.364967362764775)","(5.208275889034456,8.342753745339811)","(5.0155127059282325,8.320472143501679)","(4.822263327963979,8.298131483624351)","(4.628587949442203,8.275739452046441)","(4.43453931973179,8.253302685443376)","(4.240163663067887,8.230826927578455)","(4.0455014854747215,8.208317159512431)","(3.8505882827848743,8.1857777087263)","(3.6554551622609845,8.163212341483732)","(3.460129389156928,8.14062434203206)","(3.2646348686826245,8.118016581853958)","(3.068992573113817,8.095391582024007)","(2.8732209226520244,8.072751571432317)","(2.677336125848971,8.050098542294071)","(2.481352479619353,8.027434300612605)","(2.28528262119487,8.004760502969177)","(2.0891377156563244,7.982078663939451)","(1.8929275713661995,7.959390111964304)","(1.6966607297391358,7.936695924793394)","(1.5003445500494261,7.913996883222134)","(1.3039853001773063,7.891293425346338)","(1.107586585143864,7.868583726261368)","(0.9111521663224289,7.84586712794681)","(0.7146864850706909,7.823144329933687)","(0.5181934599615242,7.800415707713674)"
"(12.73703907138893,8.357033182891481)","(12.698311889598012,8.372725736629992)","(12.63929263601338,8.390233505636202)","(12.563417981218898,8.405993217292698)","(12.473357087399881,8.41902103317138)","(12.37118214014026,8.429432428814774)","(12.25856552926752,8.43766754791851)","(12.13689898067613,8.444205911280037)","(12.007356685634866,8.449478879921728)","(11.87093143931393,8.453846832314841)","(11.72846011667175,8.45759467801824)","(11.5806460150374,8.460933542426707)","(11.428080576780307,8.46400702956178)","(11.271264276354946,8.466901674502392)","(11.110625463616033,8.469660028282316)","(10.946536136752258,8.472294157881025)","(10.779324269256936,8.474797659034724)","(10.609282917391429,8.477155102489988)","(10.436676680185855,8.479348654604776)","(10.26174619125152,8.481362170926104)","(10.084711342459219,8.483183462624606)","(9.905774943400445,8.484808539693958)","(9.725144910771636,8.486259646335943)","(9.543226410200965,8.487577495628676)","(9.361712545744314,8.488450625931227)","(9.187232762985929,8.48659908961323)","(9.03385637165261,8.476427600238967)","(8.913901627483845,8.462782960814383)","(8.85474777695382,8.48789237645262)","(8.860665852092485,8.573003623123974)","(8.855197162237872,8.692858407632034)","(8.81136980720937,8.80772587428645)","(8.744445903789298,8.90990271306137)","(8.695912207108803,9.026207799767688)","(8.668162558143504,9.179636973818573)","(8.608413525658078,9.336477952768051)","(8.507021458889467,9.465815371280511)","(8.374891846410069,9.559388999314319)","(8.224172480140874,9.620228937466846)","(8.06288986756159,9.655255577847633)","(7.895283419007146,9.671285149019003)","(7.723480454794673,9.673508855407745)","(7.548712848219107,9.665583705937212)","(7.371674305613446,9.650239451626486)","(7.192719685799622,9.62950648084969)","(7.012068278165024,9.604844221791035)","(6.829889450981037,9.577295404951586)","(6.646330815641805,9.547608815691959)","(6.461527564707707,9.516326005465427)","(6.275605260031684,9.483841536077255)","(6.088680418314596,9.450444961980972)","(5.9008604967516645,9.416350294668465)","(5.71224386151685,9.381716835521164)","(5.522919917281879,9.34666400933321)","(5.332969416357168,9.31128199524971)","(5.142464910848751,9.275639392225996)","(4.951471299446846,9.239788777938534)","(4.760046425119475,9.203770762141662)","(4.568241689465288,9.16761695795456)","(4.376102659096506,9.131352171384595)","(4.183669647546194,9.094996023272117)","(3.990978262487296,9.05856415722066)","(3.798059912674391,9.022069144144938)","(3.604942272282067,8.985521163497943)","(3.411649702533004,8.948928519360978)","(3.2182036319554332,8.912298033853057)","(3.0246228974998406,8.875635348962303)","(2.8309240492443815,8.838945159673102)","(2.637121621651872,8.802231395276564)","(2.4432283743830845,8.765497361380367)","(2.2492555050046077,8.728745851918102)","(2.055212838480367,8.691979238132818)","(1.861108993928541,8.655199539753694)","(1.6669515309814102,8.61840848221995)","(1.472747079202631,8.581607542879837)","(1.2785014520766051,8.544797988264285)","(1.0842197474353092,8.507980903785109)","(0.8899064361118154,8.47115721621656)","(0.6955654408037208,8.434327707087956)","(0.501200208616417,8.397493006205561)"
"(11.89374648710802,8.718775569850305)","(11.861634128747824,8.71963175799488)","(11.811134462595021,8.72088398037662)","(11.744066904970941,8.722394858714061)","(11.661996571164508,8.724052327767)","(11.566323653088899,8.725776587607506)","(11.458335910743992,8.727516094668989)","(11.339236573285774,8.729238906573585)","(11.210157486460563,8.73092409353872)","(11.072163607641844,8.73255552954468)","(10.926252529694544,8.734118557687685)","(10.77335156225965,8.735598999702026)","(10.61431431692902,8.736983591150155)","(10.449918231016346,8.738260961424334)","(10.280863878773337,8.73942253762547)","(10.107776340628751,8.740463060605583)","(9.93120845748435,8.741380650713412)","(9.75164560506933,8.742176524866089)","(9.569512526542248,8.742854757217527)","(9.385189118451503,8.743423853456354)","(9.199105660191488,8.74391649324182)","(9.013822348799645,8.744900028420673)","(8.854933535651455,8.751372145390535)","(8.77828755119786,8.76764709263569)","(8.732857883623613,8.778031486709414)","(8.668705457483911,8.786404126599484)","(8.569283205085462,8.80757359349918)","(8.43604783009943,8.86482924347768)","(8.277658205240016,8.972255955104835)","(8.095511770680995,9.083736968338696)","(7.900545881679874,9.17146810628617)","(7.7002479003070246,9.23497272133641)","(7.499088095398395,9.278855330485845)","(7.299907442752394,9.308004974946142)","(7.104331187490212,9.326621516457832)","(6.912944166707582,9.337841400301372)","(6.725444434822493,9.343691385098955)","(6.540956260471445,9.34531821458436)","(6.358420535060865,9.343354540176053)","(6.176879690088912,9.338224346632662)","(5.9955965776052516,9.330301585451872)","(5.81405915206571,9.319955377526766)","(5.631938568940379,9.30754450047031)","(5.449040343409168,9.293401318804996)","(5.26526336592934,9.27782045660322)","(5.080569375332675,9.261054581967938)","(4.894961357918612,9.243315421672191)","(4.708468607050774,9.224777654375817)","(4.521136500271148,9.205583954214006)","(4.3330195528159425,9.185850152920313)","(4.144176734075293,9.165669994707434)","(3.954668347274009,9.14511926924821)","(3.7645539908237047,9.124259279596371)","(3.5738912688316504,9.103139686491716)","(3.3827350198159363,9.081800805366008)","(3.1911369022033096,9.060275440698078)","(2.9991452231368942,9.03859033765855)","(2.806804930484156,9.016767320666595)","(2.614157711388296,8.99482417638042)","(2.421242157422829,8.97277532649214)","(2.2280939686094086,8.950632323977626)","(2.0347460979879646,8.928404148622995)","(1.8412282361894947,8.906096982819266)","(1.6475664586986254,8.883714044380579)","(1.4537836350448732,8.861255707570749)","(1.2598682691836596,8.83870384621229)","(1.0656579506029982,8.815972523488405)","(0.8711607492839258,8.793067297531904)","(0.676413377313074,8.770000477959544)"
